Variation,Genes,Type,Condition,Classification,Review status,Molecular consequence,Protein change,Germline date last evaluated,Somatic clinical impact date last evaluated,Oncogenicity date last evaluated,GRCh37 Location,GRCh38 Location,Variation ID,VCV accession,rs_ID
NM_000051.4(ATM):c.584C>A (p.Thr195Asn),ATM,single nucleotide variant,Ataxia-telangiectasia syndrome,G: Uncertain significance,"criteria provided, single submitter",missense variant,T195N,2023/01/23,,,11:108114767,11:108244040,2831360,VCV002831360,rs3000960
NM_000051.4(ATM):c.4336G>A (p.Val1446Ile),ATM,single nucleotide variant,Ataxia-telangiectasia syndrome,G: Uncertain significance,"criteria provided, single submitter",missense variant,V1446I,2022/06/30,,,11:108160428,11:108289701,847462,VCV000847462,rs837751
NM_000051.4(ATM):c.37C>G (p.Arg13Gly),ATM,single nucleotide variant,"Hereditary cancer-predisposing syndrome, Ataxia-telangiectasia syndrome",G: Uncertain significance,"criteria provided, multiple submitters, no conflicts",missense variant,R13G,2024/04/01,,,11:108098388,11:108227661,824233,VCV000824233,rs810136
NM_000051.4(ATM):c.4477C>G (p.Leu1493Val),ATM,single nucleotide variant,"Hereditary cancer-predisposing syndrome, Ataxia-telangiectasia syndrome",G: Uncertain significance,"criteria provided, multiple submitters, no conflicts",missense variant,L1493V,2019/06/17,,,11:108163386,11:108292659,644374,VCV000644374,rs639519
NM_000051.4(ATM):c.182T>C (p.Phe61Ser),ATM,single nucleotide variant,"Hereditary cancer-predisposing syndrome, Ataxia-telangiectasia syndrome",G: Uncertain significance,"criteria provided, multiple submitters, no conflicts",missense variant,F61S,2019/07/10,,,11:108098612,11:108227885,186585,VCV000186585,rs183082
NM_000051.4(ATM):c.2989G>C (p.Val997Leu),ATM,single nucleotide variant,"Hereditary cancer-predisposing syndrome, Ataxia-telangiectasia syndrome",G: Uncertain significance,"criteria provided, multiple submitters, no conflicts",missense variant,V997L,2024/08/19,,,11:108142045,11:108271318,1045945,VCV001045945,rs1029966
NM_000051.4(ATM):c.4996G>A (p.Glu1666Lys),ATM,single nucleotide variant,Ataxia-telangiectasia syndrome,G: Uncertain significance,"criteria provided, single submitter",missense variant,E1666K,2025/10/20,,,11:108168100,11:108297373,2842052,VCV002842052,rs3000589
NM_000051.4(ATM):c.2977C>T (p.His993Tyr),ATM,single nucleotide variant,Ataxia-telangiectasia syndrome,G: Uncertain significance,"criteria provided, single submitter",missense variant,H993Y,2023/12/20,,,11:108142033,11:108271306,2700158,VCV002700158,rs2859010
NM_000051.4(ATM):c.1776C>A (p.Ser592Arg),ATM,single nucleotide variant,Hereditary cancer-predisposing syndrome,G: Uncertain significance,"criteria provided, single submitter",missense variant,S592R,2022/10/17,,,11:108122732,11:108252005,482586,VCV000482586,rs475732
NM_000051.4(ATM):c.5232G>C (p.Lys1744Asn),ATM,single nucleotide variant,"Hereditary breast ovarian cancer syndrome, Ataxia-telangiectasia syndrome",G: Uncertain significance,"criteria provided, multiple submitters, no conflicts",missense variant,K1744N,2021/11/26,,,11:108172429,11:108301702,961265,VCV000961265,rs947242
NM_000051.4(ATM):c.5330T>C (p.Val1777Ala),ATM,single nucleotide variant,Hereditary cancer-predisposing syndrome,G: Uncertain significance,"criteria provided, single submitter",missense variant,V1777A,2016/05/26,,,11:108173590,11:108302863,481246,VCV000481246,rs475907
NM_000051.4(ATM):c.1499T>C (p.Ile500Thr),ATM,single nucleotide variant,Hereditary cancer-predisposing syndrome,G: Uncertain significance,"criteria provided, single submitter",missense variant,I500T,2022/03/21,,,11:108121691,11:108250964,2774125,VCV002774125,rs2934855
NM_000051.4(ATM):c.3100T>A (p.Tyr1034Asn),ATM,single nucleotide variant,Ataxia-telangiectasia syndrome,G: Uncertain significance,"criteria provided, single submitter",missense variant,Y1034N,2019/04/07,,,11:108143281,11:108272554,857746,VCV000857746,rs837706
NM_000051.4(ATM):c.5428A>G (p.Thr1810Ala),ATM,single nucleotide variant,"Hereditary cancer-predisposing syndrome, Ataxia-telangiectasia syndrome",G: Uncertain significance,"criteria provided, multiple submitters, no conflicts",missense variant,T1810A,2025/04/19,,,11:108173688,11:108302961,232407,VCV000232407,rs234204
NM_000051.4(ATM):c.3088A>G (p.Lys1030Glu),ATM,single nucleotide variant,"Hereditary cancer-predisposing syndrome, Familial cancer of breast, Ataxia-telangiectasia syndrome",G: Uncertain significance,"criteria provided, multiple submitters, no conflicts",missense variant,K1030E,2026/01/26,,,11:108143269,11:108272542,216200,VCV000216200,rs212862
NM_000051.4(ATM):c.2371A>G (p.Thr791Ala),ATM,single nucleotide variant,Hereditary cancer-predisposing syndrome,G: Uncertain significance,"criteria provided, multiple submitters, no conflicts",missense variant,T791A,2025/01/09,,,11:108128328,11:108257601,479050,VCV000479050,rs475433
NM_000051.4(ATM):c.3167C>T (p.Ser1056Leu),ATM,single nucleotide variant,Hereditary cancer-predisposing syndrome,G: Uncertain significance,"criteria provided, single submitter",missense variant,S1056L,2024/03/06,,,11:108143462,11:108272735,2774502,VCV002774502,rs2935230
NM_000051.4(ATM):c.1571_1572delinsTT (p.Trp524Phe),ATM,Indel,Ataxia-telangiectasia syndrome,G: Uncertain significance,"criteria provided, single submitter",missense variant,W524F,2024/07/16,,,11:108121763,11:108251036,3659599,VCV003659599,rs3790539
NM_000051.4(ATM):c.1071T>A (p.Phe357Leu),ATM,single nucleotide variant,Ataxia-telangiectasia syndrome,G: Uncertain significance,"criteria provided, single submitter",missense variant,F357L,2024/09/01,,,11:108119665,11:108248938,3664113,VCV003664113,rs3795272
NM_000051.4(ATM):c.2167G>A (p.Val723Met),ATM,single nucleotide variant,Ataxia-telangiectasia syndrome,G: Uncertain significance,"criteria provided, single submitter",missense variant,V723M,2025/07/24,,,11:108126984,11:108256257,2104460,VCV002104460,rs2162223
